t_s,cmd_rad,pos_rad
0.01845,0.00000,0.00000
0.03845,0.00220,0.00000
0.05845,0.00440,0.00000
0.07845,0.00660,0.00000
0.09845,0.00880,0.00000
0.11845,0.01099,0.00000
0.13845,0.01318,0.00000
0.15845,0.01537,0.00000
0.17845,0.01754,0.00000
0.19845,0.01970,0.00000
0.21844,0.02185,0.00512
0.23844,0.02398,0.00512
0.25844,0.02609,0.01024
0.27844,0.02817,0.01024
0.29844,0.03024,0.01024
0.31844,0.03227,0.01535
0.33844,0.03428,0.01535
0.35844,0.03626,0.01535
0.37844,0.03820,0.01535
0.39843,0.04010,0.01535
0.41843,0.04197,0.02047
0.43843,0.04380,0.02047
0.45843,0.04558,0.02047
0.47843,0.04731,0.02047
0.49843,0.04900,0.02559
0.51843,0.05064,0.02559
0.53843,0.05222,0.03071
0.55843,0.05375,0.02559
0.57842,0.05523,0.03071
0.59842,0.05664,0.03071
0.61842,0.05799,0.03583
0.63842,0.05928,0.03583
0.65842,0.06050,0.03583
0.67842,0.06166,0.03583
0.69842,0.06275,0.04095
0.72242,0.06376,0.04095
0.74241,0.06470,0.04095
0.76242,0.06557,0.04095
0.78242,0.06636,0.04095
0.80241,0.06707,0.04095
0.82241,0.06771,0.04095
0.84241,0.06826,0.04095
0.86241,0.06873,0.04095
0.88241,0.06912,0.04095
0.90241,0.06942,0.05118
0.92241,0.06964,0.05118
0.94242,0.06977,0.05118
0.96242,0.06981,0.05118
0.98242,0.06977,0.05118
1.00242,0.06964,0.05118
1.02240,0.06941,0.05118
1.04240,0.06910,0.05118
1.06240,0.06870,0.05118
1.08240,0.06821,0.05118
1.10240,0.06763,0.05118
1.12240,0.06695,0.05118
1.14239,0.06619,0.05118
1.16239,0.06534,0.05118
1.18239,0.06440,0.05118
1.20239,0.06337,0.05118
1.22239,0.06225,0.05118
1.24239,0.06105,0.05118
1.26239,0.05976,0.05118
1.28239,0.05839,0.05118
1.30239,0.05693,0.05118
1.32239,0.05539,0.05118
1.34238,0.05376,0.05118
1.36238,0.05206,0.05118
1.38238,0.05028,0.04095
1.40238,0.04843,0.05118
1.42238,0.04650,0.05118
1.44238,0.04450,0.05118
1.46238,0.04244,0.05118
1.48238,0.04030,0.04095
1.50237,0.03810,0.04095
1.52238,0.03584,0.04095
1.54237,0.03353,0.03583
1.56237,0.03115,0.03583
1.58237,0.02873,0.03583
1.60237,0.02626,0.03583
1.62237,0.02374,0.03071
1.64237,0.02117,0.03071
1.66237,0.01857,0.03071
1.68237,0.01594,0.02559
1.70236,0.01327,0.02559
1.72237,0.01058,0.02559
1.74236,0.00786,0.02047
1.76236,0.00513,0.02047
1.78236,0.00237,0.01535
1.80236,-0.00039,0.01535
1.82236,-0.00316,0.00512
1.84236,-0.00593,0.00512
1.86236,-0.00870,0.00512
1.88236,-0.01146,0.00512
1.90235,-0.01421,0.00000
1.92235,-0.01694,-0.00512
1.94235,-0.01966,-0.00512
1.96235,-0.02235,-0.00512
1.98235,-0.02501,-0.01024
2.00235,-0.02764,-0.01024
2.02235,-0.03022,-0.01535
2.04235,-0.03277,-0.01535
2.06235,-0.03526,-0.02047
2.08235,-0.03771,-0.02047
2.10235,-0.04009,-0.02047
2.12235,-0.04241,-0.02047
2.14235,-0.04467,-0.02559
2.16235,-0.04686,-0.02559
2.18235,-0.04897,-0.03071
2.20235,-0.05100,-0.04095
2.22235,-0.05295,-0.04095
2.24235,-0.05481,-0.04095
2.26233,-0.05657,-0.04095
2.28233,-0.05825,-0.04095
2.30233,-0.05982,-0.04095
2.32233,-0.06129,-0.04606
2.34233,-0.06265,-0.05118
2.36233,-0.06391,-0.05118
2.38233,-0.06505,-0.05118
2.40233,-0.06607,-0.05118
2.42233,-0.06698,-0.05630
2.44233,-0.06776,-0.05630
2.46233,-0.06843,-0.05630
2.48233,-0.06896,-0.05630
2.50232,-0.06937,-0.05630
2.52232,-0.06964,-0.05630
2.54232,-0.06979,-0.05630
2.56232,-0.06980,-0.05630
2.58232,-0.06968,-0.06142
2.60232,-0.06943,-0.06142
2.62231,-0.06904,-0.06142
2.64231,-0.06851,-0.06142
2.66231,-0.06785,-0.06142
2.68232,-0.06705,-0.06142
2.70232,-0.06612,-0.06142
2.72232,-0.06506,-0.06142
2.74232,-0.06386,-0.06142
2.76231,-0.06253,-0.06142
2.78231,-0.06107,-0.05630
2.80231,-0.05948,-0.05630
2.82231,-0.05777,-0.05630
2.84231,-0.05594,-0.05630
2.86231,-0.05398,-0.05630
2.88231,-0.05191,-0.05630
2.90231,-0.04972,-0.05630
2.92230,-0.04743,-0.05630
2.94230,-0.04503,-0.05630
2.96230,-0.04252,-0.05630
2.98230,-0.03992,-0.05630
3.00230,-0.03723,-0.05118
3.02230,-0.03445,-0.05118
3.04230,-0.03159,-0.05118
3.06230,-0.02866,-0.04095
3.08230,-0.02565,-0.04095
3.10230,-0.02258,-0.04095
3.12229,-0.01945,-0.04095
3.14229,-0.01627,-0.04095
3.16229,-0.01304,-0.03071
3.18229,-0.00978,-0.03071
3.20229,-0.00649,-0.03071
3.22329,-0.00317,-0.02559
3.24229,0.00016,-0.02047
3.26229,0.00350,-0.01024
3.28229,0.00684,-0.01024
3.30229,0.01018,-0.00512
3.32229,0.01350,-0.00512
3.34229,0.01679,-0.00512
3.36229,0.02006,0.00000
3.38229,0.02328,0.00000
3.40229,0.02646,0.00000
3.42229,0.02959,0.01024
3.44229,0.03265,0.01535
3.46229,0.03564,0.01535
3.48228,0.03856,0.02047
3.50227,0.04138,0.02047
3.52227,0.04411,0.02047
3.54227,0.04675,0.02559
3.56227,0.04927,0.03071
3.58227,0.05167,0.02047
3.60227,0.05396,0.03071
3.62227,0.05611,0.03071
3.64226,0.05813,0.03583
3.66227,0.06000,0.04095
3.68226,0.06173,0.03583
3.70226,0.06330,0.03583
3.72226,0.06472,0.04095
3.74226,0.06597,0.04095
3.76226,0.06705,0.04095
3.78226,0.06796,0.04095
3.80226,0.06869,0.03583
3.82225,0.06924,0.04095
3.84225,0.06961,0.04095
3.86225,0.06979,0.05118
3.88225,0.06979,0.05118
3.90225,0.06959,0.05118
3.92225,0.06921,0.05118
3.94225,0.06864,0.05118
3.96225,0.06788,0.05118
3.98225,0.06693,0.05118
4.00225,0.06579,0.05118
4.02224,0.06446,0.05118
4.04225,0.06295,0.05118
4.06224,0.06126,0.05118
4.08224,0.05939,0.05118
4.10224,0.05734,0.05118
4.12224,0.05513,0.05118
4.14224,0.05275,0.05118
4.16224,0.05021,0.05118
4.18224,0.04752,0.05118
4.20224,0.04469,0.05118
4.22223,0.04171,0.05118
4.24223,0.03861,0.04095
4.26224,0.03538,0.04095
4.28223,0.03204,0.04095
4.30223,0.02859,0.03583
4.32223,0.02505,0.03583
4.34223,0.02142,0.03071
4.36223,0.01772,0.03071
4.38223,0.01395,0.02559
4.40222,0.01013,0.02559
4.42223,0.00627,0.02047
4.44222,0.00238,0.01535
4.46222,-0.00152,0.01024
4.48222,-0.00544,0.00512
4.50222,-0.00934,0.00512
4.52222,-0.01323,0.00000
4.54222,-0.01708,-0.00512
4.56222,-0.02089,-0.00512
4.58222,-0.02464,-0.01024
4.60222,-0.02833,-0.01024
4.62223,-0.03193,-0.01535
4.64223,-0.03543,-0.02047
4.66223,-0.03883,-0.02047
4.68323,-0.04210,-0.02047
4.70221,-0.04525,-0.02559
4.72221,-0.04825,-0.03071
4.74221,-0.05109,-0.03071
4.76220,-0.05378,-0.04095
4.78220,-0.05628,-0.04095
4.80220,-0.05860,-0.04095
4.82220,-0.06072,-0.04606
4.84220,-0.06264,-0.04606
4.86220,-0.06435,-0.05118
4.88220,-0.06584,-0.05118
4.90219,-0.06710,-0.05630
4.92219,-0.06813,-0.05630
4.94219,-0.06891,-0.05630
4.96319,-0.06946,-0.05630
4.98219,-0.06975,-0.05630
5.00319,-0.06980,-0.05630
5.02219,-0.06959,-0.06142
5.04319,-0.06913,-0.06142
5.06218,-0.06842,-0.06142
5.08318,-0.06745,-0.06142
5.10218,-0.06623,-0.06142
5.12318,-0.06476,-0.06142
5.14218,-0.06305,-0.06142
5.16318,-0.06109,-0.05630
5.18218,-0.05890,-0.05630
5.20318,-0.05648,-0.05630
5.22218,-0.05384,-0.05630
5.24318,-0.05098,-0.05630
5.26218,-0.04792,-0.05630
5.28417,-0.04467,-0.05630
5.30217,-0.04123,-0.05630
5.32317,-0.03762,-0.05630
5.34217,-0.03386,-0.05118
5.36317,-0.02995,-0.05118
5.38217,-0.02591,-0.04606
5.40317,-0.02176,-0.04095
5.42217,-0.01751,-0.04095
5.44316,-0.01318,-0.03071
5.46216,-0.00879,-0.03071
5.48316,-0.00434,-0.03071
5.50216,0.00013,-0.01535
5.52316,0.00461,-0.01024
5.54216,0.00909,-0.00512
5.56316,0.01354,-0.00512
5.58216,0.01795,0.00000
5.60316,0.02229,0.00000
5.62216,0.02655,0.00000
5.64316,0.03070,0.00512
5.66215,0.03474,0.01535
5.68315,0.03864,0.02047
5.70315,0.04238,0.02047
5.72315,0.04594,0.02559
5.74215,0.04932,0.02559
5.76315,0.05248,0.02559
5.78215,0.05542,0.03071
5.80315,0.05813,0.03071
5.82315,0.06058,0.03583
5.84315,0.06277,0.04095
5.86215,0.06468,0.04095
5.88316,0.06630,0.04095
5.90314,0.06763,0.04095
5.92314,0.06864,0.04095
5.94314,0.06935,0.05118
5.96313,0.06974,0.05118
5.98214,0.06980,0.05118
6.00313,0.06953,0.05118
6.02314,0.06894,0.05118
6.04313,0.06803,0.05118
6.06313,0.06678,0.05630
6.08213,0.06522,0.05118
6.10313,0.06333,0.05118
6.12213,0.06114,0.05118
6.14213,0.05865,0.05118
6.16313,0.05586,0.05118
6.18213,0.05279,0.05118
6.20212,0.04945,0.05118
6.22212,0.04586,0.05118
6.24212,0.04204,0.05118
6.26312,0.03799,0.04095
6.28312,0.03374,0.04095
6.30312,0.02931,0.03583
6.32312,0.02472,0.03583
6.34211,0.01999,0.03583
6.36313,0.01514,0.03071
6.38311,0.01021,0.02559
6.40211,0.00521,0.02047
6.42311,0.00017,0.01535
6.44311,-0.00489,0.00512
6.46211,-0.00993,0.00512
6.48311,-0.01494,0.00000
6.50311,-0.01987,-0.00512
6.52211,-0.02472,-0.01024
6.54310,-0.02944,-0.01024
6.56311,-0.03402,-0.02047
6.58210,-0.03842,-0.02047
6.59910,-0.04262,-0.02559
6.61910,-0.04660,-0.02559
6.63910,-0.05034,-0.03071
6.65910,-0.05380,-0.04095
6.67910,-0.05698,-0.04095
6.69910,-0.05984,-0.04606
6.71910,-0.06237,-0.04606
6.73909,-0.06455,-0.05118
6.75909,-0.06638,-0.05118
6.77909,-0.06782,-0.05630
6.79909,-0.06888,-0.05630
6.81809,-0.06955,-0.05630
6.83809,-0.06981,-0.05630
6.85909,-0.06966,-0.05630
6.87909,-0.06911,-0.06142
6.89909,-0.06814,-0.06142
6.91909,-0.06677,-0.06142
6.93908,-0.06499,-0.06142
6.95908,-0.06282,-0.06142
6.97909,-0.06026,-0.05630
6.99909,-0.05734,-0.05630
7.01909,-0.05405,-0.05630
7.03909,-0.05042,-0.05630
7.05909,-0.04648,-0.05630
7.07909,-0.04224,-0.05630
7.09909,-0.03772,-0.05118
7.11909,-0.03295,-0.05118
7.13907,-0.02797,-0.04606
7.15907,-0.02279,-0.04095
7.17907,-0.01746,-0.02559
7.19907,-0.01200,-0.03071
7.21907,-0.00645,-0.03071
7.23907,-0.00084,-0.02047
7.25907,0.00478,-0.01024
7.27907,0.01039,-0.00512
7.29907,0.01595,-0.00512
7.31906,0.02142,0.00000
7.33907,0.02675,0.00000
7.35906,0.03193,0.00512
7.37906,0.03690,0.02047
7.39906,0.04164,0.02047
7.41906,0.04611,0.02047
7.43906,0.05027,0.02559
7.45906,0.05411,0.03071
7.47906,0.05758,0.03583
7.49905,0.06066,0.03583
7.51905,0.06333,0.04095
7.53905,0.06556,0.04095
7.55905,0.06734,0.04095
7.57905,0.06865,0.04095
7.59905,0.06947,0.04095
7.61905,0.06981,0.05118
7.63904,0.06964,0.05118
7.65905,0.06897,0.05630
7.67904,0.06780,0.05630
7.69904,0.06613,0.05630
7.71904,0.06397,0.05630
7.73904,0.06134,0.05118
7.75904,0.05825,0.05118
7.77904,0.05471,0.05118
7.79904,0.05076,0.05118
7.81904,0.04641,0.05118
7.83904,0.04171,0.05118
7.85903,0.03667,0.04095
7.87903,0.03135,0.04095
7.89903,0.02576,0.03583
7.91903,0.01997,0.03583
7.93903,0.01400,0.03071
7.95903,0.00791,0.02559
7.97903,0.00174,0.01535
7.99903,-0.00445,0.00512
8.01902,-0.01063,0.00512
8.03902,-0.01674,0.00000
8.05902,-0.02273,-0.00512
8.07902,-0.02856,-0.01024
8.09902,-0.03417,-0.01535
8.11902,-0.03951,-0.02559
8.13902,-0.04455,-0.02559
8.15902,-0.04924,-0.03071
8.17902,-0.05353,-0.04095
8.19902,-0.05739,-0.04095
8.21902,-0.06077,-0.04095
8.23902,-0.06366,-0.04606
8.25902,-0.06602,-0.05118
8.27903,-0.06783,-0.05630
8.29903,-0.06907,-0.05630
8.31903,-0.06971,-0.05630
8.33903,-0.06976,-0.05630
8.35901,-0.06921,-0.06142
8.37901,-0.06805,-0.06142
8.39901,-0.06629,-0.06142
8.41901,-0.06395,-0.06142
8.43900,-0.06104,-0.05630
8.45900,-0.05757,-0.05630
8.47900,-0.05359,-0.05630
8.49900,-0.04911,-0.05630
8.51900,-0.04418,-0.05630
8.53900,-0.03884,-0.05630
8.55900,-0.03313,-0.05118
8.57900,-0.02710,-0.05118
8.59900,-0.02080,-0.04095
8.61899,-0.01430,-0.04095
8.63899,-0.00764,-0.03071
8.65899,-0.00090,-0.02559
8.67899,0.00587,-0.01024
8.69899,0.01260,-0.00512
8.71899,0.01923,-0.00512
8.73899,0.02569,0.00000
8.75898,0.03192,0.00512
8.77899,0.03786,0.02559
8.79898,0.04345,0.02047
8.81898,0.04863,0.02047
8.83898,0.05335,0.02559
8.85898,0.05755,0.03071
8.87898,0.06120,0.03583
8.89898,0.06424,0.04095
8.91898,0.06665,0.04095
8.93898,0.06840,0.04095
8.95897,0.06946,0.05118
8.97898,0.06981,0.05118
8.99897,0.06946,0.05118
9.01897,0.06838,0.05630
9.03897,0.06660,0.05630
9.05897,0.06413,0.05630
9.07897,0.06098,0.05118
9.09897,0.05718,0.05118
9.11897,0.05277,0.05118
9.13896,0.04778,0.05118
9.15896,0.04228,0.05118
9.17896,0.03631,0.04095
9.19896,0.02993,0.04095
9.21896,0.02321,0.03583
9.23896,0.01622,0.03583
9.25896,0.00904,0.02559
9.27896,0.00174,0.01535
9.29896,-0.00560,0.00512
9.31896,-0.01290,0.00512
9.33895,-0.02007,-0.00512
9.35896,-0.02704,-0.01024
9.37895,-0.03372,-0.01535
9.39895,-0.04003,-0.02559
9.41896,-0.04590,-0.02559
9.43895,-0.05127,-0.03071
9.45895,-0.05605,-0.04095
9.47896,-0.06020,-0.04095
9.49896,-0.06366,-0.04606
9.51896,-0.06639,-0.05118
9.53896,-0.06834,-0.05630
9.55894,-0.06948,-0.05630
9.57894,-0.06981,-0.05630
9.59894,-0.06930,-0.05630
9.61894,-0.06796,-0.06142
9.63894,-0.06579,-0.06142
9.65894,-0.06282,-0.06142
9.67893,-0.05908,-0.05630
9.69893,-0.05460,-0.05630
9.71894,-0.04944,-0.05630
9.73893,-0.04365,-0.05630
9.75893,-0.03730,-0.05630
9.77893,-0.03047,-0.05118
9.79893,-0.02324,-0.04606
9.81893,-0.01569,-0.04095
9.83893,-0.00793,-0.03071
9.85893,-0.00004,-0.03071
9.87893,0.00786,-0.01024
9.89893,0.01569,0.00000
9.91892,0.02333,0.00000
9.93892,0.03069,0.00512
9.95892,0.03766,0.02047
9.97892,0.04416,0.02047
9.99892,0.05009,0.02559
10.01892,0.05536,0.03071
10.03892,0.05991,0.03583
10.05892,0.06366,0.04095
10.07891,0.06656,0.04095
10.09891,0.06856,0.04095
10.11891,0.06963,0.04095
10.13891,0.06974,0.05118
10.15891,0.06889,0.05630
10.17891,0.06708,0.05630
10.19891,0.06433,0.05630
10.21891,0.06067,0.05118
10.23891,0.05615,0.05118
10.25891,0.05081,0.05118
10.27891,0.04474,0.05118
10.29890,0.03800,0.05118
10.31890,0.03071,0.04095
10.33890,0.02295,0.03583
10.35890,0.01483,0.03071
10.37890,0.00648,0.02047
10.39890,-0.00199,0.01535
10.41890,-0.01045,0.00512
10.43890,-0.01878,0.00000
10.45889,-0.02685,-0.01024
10.47890,-0.03454,-0.01535
10.49889,-0.04172,-0.02559
10.51889,-0.04829,-0.02559
10.53889,-0.05415,-0.03071
10.55889,-0.05918,-0.04095
10.57889,-0.06332,-0.04606
10.59889,-0.06648,-0.05118
10.61889,-0.06862,-0.05630
10.63889,-0.06969,-0.05630
10.65889,-0.06966,-0.05630
10.67889,-0.06853,-0.06142
10.69889,-0.06631,-0.06142
10.71889,-0.06302,-0.06142
10.73889,-0.05871,-0.05630
10.75889,-0.05344,-0.05630
10.77888,-0.04729,-0.05630
10.79887,-0.04035,-0.05630
10.81887,-0.03273,-0.05118
10.83887,-0.02455,-0.04606
10.85887,-0.01594,-0.04095
10.87887,-0.00704,-0.03071
10.89887,0.00200,-0.02559
10.91887,0.01103,-0.00512
10.93887,0.01989,-0.00512
10.95887,0.02844,0.00000
10.97887,0.03653,0.01535
10.99886,0.04400,0.02047
11.01887,0.05074,0.02559
11.03886,0.05661,0.03071
11.05886,0.06151,0.03583
11.07886,0.06534,0.04095
11.09886,0.06802,0.04095
11.11886,0.06951,0.05118
11.13886,0.06976,0.05118
11.15886,0.06876,0.05630
11.17886,0.06651,0.05630
11.19885,0.06306,0.05630
11.21885,0.05844,0.05118
11.23885,0.05275,0.05118
11.25885,0.04607,0.05118
11.27886,0.03852,0.05118
11.29885,0.03023,0.04095
11.31885,0.02136,0.03583
11.33886,0.01206,0.03071
11.36285,0.00251,0.01535
11.38285,-0.00711,0.00512
11.40284,-0.01662,0.00512
11.42284,-0.02584,-0.00512
11.44284,-0.03458,-0.01024
11.46284,-0.04268,-0.02559
11.48284,-0.04996,-0.03071
11.50284,-0.05629,-0.04095
11.52284,-0.06152,-0.04095
11.54284,-0.06554,-0.04606
11.56284,-0.06828,-0.05630
11.58283,-0.06965,-0.05630
11.60284,-0.06963,-0.05630
11.62283,-0.06819,-0.06142
11.64283,-0.06537,-0.06142
11.66283,-0.06121,-0.06142
11.68283,-0.05578,-0.06142
11.70283,-0.04918,-0.05630
11.72283,-0.04154,-0.05630
11.74282,-0.03302,-0.05630
11.76282,-0.02379,-0.05118
11.78282,-0.01403,-0.04095
11.80282,-0.00394,-0.03071
11.82282,0.00625,-0.02047
11.84282,0.01634,-0.00512
11.86282,0.02610,0.00000
11.88282,0.03532,0.00512
11.90283,0.04380,0.02047
11.92283,0.05134,0.03071
11.94283,0.05777,0.03071
11.96283,0.06295,0.03583
11.98281,0.06674,0.04095
12.00283,0.06905,0.04095
12.02281,0.06981,0.05118
12.04281,0.06901,0.05118
12.06281,0.06663,0.05118
12.08281,0.06274,0.05118
12.10281,0.05739,0.05118
12.12281,0.05071,0.05118
12.14281,0.04284,0.05118
12.16280,0.03395,0.04095
12.18280,0.02425,0.03583
12.20280,0.01395,0.03583
12.22280,0.00329,0.02559
12.24280,-0.00748,0.01024
12.26280,-0.01809,0.00000
12.28280,-0.02829,-0.01024
12.30280,-0.03784,-0.01535
12.32279,-0.04650,-0.02559
12.34279,-0.05404,-0.04095
12.36279,-0.06028,-0.04095
12.38279,-0.06505,-0.05118
12.40279,-0.06822,-0.05630
12.42279,-0.06970,-0.05630
12.44279,-0.06944,-0.06142
12.46279,-0.06744,-0.06142
12.48279,-0.06372,-0.06142
12.50279,-0.05837,-0.06142
12.52278,-0.05152,-0.05630
12.54278,-0.04332,-0.05630
12.56278,-0.03399,-0.05630
12.58278,-0.02375,-0.05118
12.60278,-0.01286,-0.04095
12.62278,-0.00161,-0.03071
12.64278,0.00972,-0.01024
12.66278,0.02081,0.00000
12.68277,0.03138,0.00000
12.70277,0.04114,0.02047
12.72277,0.04982,0.02559
12.74277,0.05716,0.03071
12.76277,0.06298,0.03583
12.78277,0.06708,0.04095
12.80277,0.06936,0.04095
12.82277,0.06972,0.05118
12.84277,0.06815,0.05630
12.86276,0.06467,0.05630
12.88276,0.05936,0.05630
12.90276,0.05237,0.05118
12.92276,0.04387,0.05118
12.94276,0.03411,0.05118
12.96276,0.02334,0.04095
12.98276,0.01187,0.03583
13.00276,0.00002,0.02047
13.02275,-0.01185,0.00512
13.04276,-0.02341,-0.00512
13.06276,-0.03431,-0.01024
13.08276,-0.04423,-0.02559
13.10276,-0.05285,-0.04095
13.12276,-0.05992,-0.04095
13.14276,-0.06521,-0.04606
13.16276,-0.06854,-0.05630
13.18276,-0.06980,-0.05630
13.20275,-0.06894,-0.06142
13.22275,-0.06596,-0.06142
13.24275,-0.06094,-0.06142
13.26274,-0.05402,-0.05630
13.28275,-0.04540,-0.05630
13.30275,-0.03533,-0.05630
13.32275,-0.02413,-0.05118
13.34274,-0.01213,-0.04095
13.36275,0.00028,-0.03071
13.38275,0.01271,-0.00512
13.40274,0.02477,0.00000
13.42274,0.03606,0.00512
13.44274,0.04621,0.02559
13.46274,0.05488,0.03071
13.48274,0.06176,0.04095
13.50273,0.06663,0.04095
13.52274,0.06931,0.04095
13.54273,0.06968,0.05118
13.56273,0.06772,0.05630
13.58273,0.06347,0.05630
13.60273,0.05706,0.05630
13.62273,0.04870,0.05118
13.64273,0.03865,0.05118
13.66273,0.02724,0.04095
13.68273,0.01486,0.03583
13.70272,0.00194,0.02559
13.72272,-0.01109,0.00512
13.74272,-0.02376,-0.00512
13.76272,-0.03562,-0.01024
13.78272,-0.04625,-0.02559
13.80271,-0.05526,-0.04095
13.82271,-0.06232,-0.04095
13.84271,-0.06714,-0.05118
13.86271,-0.06955,-0.05630
13.88271,-0.06943,-0.06142
13.90271,-0.06677,-0.06142
13.92271,-0.06165,-0.06142
13.94271,-0.05424,-0.06142
13.96271,-0.04479,-0.05630
13.98270,-0.03364,-0.05630
14.00271,-0.02120,-0.05118
14.02270,-0.00793,-0.04095
14.04270,0.00568,-0.02559
14.06270,0.01911,0.00000
14.08270,0.03183,0.00512
14.10270,0.04337,0.02047
14.12270,0.05325,0.02559
14.14270,0.06108,0.03071
14.16270,0.06655,0.04095
14.18269,0.06940,0.04095
14.20269,0.06952,0.05118
14.22269,0.06688,0.05630
14.24269,0.06156,0.05630
14.26270,0.05374,0.05630
14.28269,0.04374,0.05630
14.30269,0.03194,0.05118
14.32269,0.01880,0.03583
14.34269,0.00486,0.03071
14.36270,-0.00932,0.01024
14.38270,-0.02315,-0.00512
14.40270,-0.03605,-0.01535
14.42269,-0.04748,-0.02559
14.44268,-0.05693,-0.04095
14.46268,-0.06400,-0.04606
14.48268,-0.06836,-0.05118
14.50268,-0.06981,-0.05630
14.52268,-0.06827,-0.06142
14.54268,-0.06377,-0.06142
14.56267,-0.05648,-0.05630
14.58267,-0.04672,-0.05630
14.60267,-0.03487,-0.05630
14.62267,-0.02146,-0.05118
14.64267,-0.00706,-0.03071
14.66267,0.00769,-0.02047
14.68267,0.02213,0.00000
14.70267,0.03561,0.01024
14.72266,0.04752,0.02047
14.74267,0.05729,0.03071
14.76266,0.06447,0.04095
14.78266,0.06870,0.04095
14.80266,0.06977,0.05118
14.82266,0.06759,0.05118
14.84266,0.06225,0.05118
14.86266,0.05398,0.05118
14.88266,0.04313,0.05118
14.90266,0.03021,0.04095
14.92266,0.01582,0.03583
14.94266,0.00063,0.03071
14.96266,-0.01463,0.00512
14.98266,-0.02922,-0.01024
15.00265,-0.04242,-0.02047
15.02265,-0.05358,-0.03071
15.04265,-0.06213,-0.04095
15.06265,-0.06764,-0.04606
15.08264,-0.06979,-0.05630
15.10264,-0.06846,-0.06142
15.12264,-0.06369,-0.06142
15.14264,-0.05568,-0.06142
15.16264,-0.04483,-0.05630
15.18264,-0.03167,-0.05630
15.20264,-0.01685,-0.05118
15.22264,-0.00112,-0.03071
15.24264,0.01471,-0.01024
15.26264,0.02981,0.00512
15.28264,0.04339,0.02047
15.30263,0.05472,0.02559
15.32263,0.06319,0.03583
15.34263,0.06831,0.04095
15.36263,0.06979,0.05118
15.38263,0.06753,0.05118
15.40263,0.06161,0.05118
15.42263,0.05233,0.05118
15.44263,0.04017,0.05118
15.46262,0.02578,0.04095
15.48262,0.00992,0.03583
15.50263,-0.00652,0.02047
15.52263,-0.02265,0.00000
15.54263,-0.03754,-0.01024
15.56263,-0.05036,-0.02559
15.58263,-0.06037,-0.04095
15.60263,-0.06696,-0.05118
15.62263,-0.06974,-0.05630
15.64261,-0.06851,-0.06142
15.66262,-0.06332,-0.06142
15.68261,-0.05444,-0.06142
15.70261,-0.04236,-0.05630
15.72261,-0.02776,-0.05630
15.74261,-0.01148,-0.04606
15.76261,0.00552,-0.03071
15.78261,0.02223,0.00000
15.80261,0.03766,0.00512
15.82261,0.05085,0.02559
15.84260,0.06100,0.03071
15.86260,0.06746,0.04095
15.88260,0.06981,0.05118
15.90260,0.06787,0.05118
15.92260,0.06173,0.05118
15.94260,0.05173,0.05118
15.96260,0.03848,0.05118
15.98260,0.02278,0.04095
16.00259,0.00560,0.03071
16.02260,-0.01198,0.01024
16.04260,-0.02884,-0.00512
16.06259,-0.04390,-0.02047
16.08259,-0.05616,-0.04095
16.10259,-0.06482,-0.04606
16.12259,-0.06927,-0.05630
16.14259,-0.06920,-0.06142
16.16259,-0.06458,-0.06142
16.18259,-0.05568,-0.06142
16.20258,-0.04305,-0.05630
16.22258,-0.02751,-0.05630
16.24258,-0.01008,-0.04606
16.26258,0.00808,-0.02559
16.28258,0.02573,0.00000
16.30258,0.04167,0.01535
16.32258,0.05479,0.02559
16.34258,0.06417,0.04095
16.36258,0.06912,0.05118
16.38258,0.06927,0.05630
16.40257,0.06457,0.05630
16.42257,0.05532,0.05630
16.44257,0.04212,0.05630
16.46257,0.02589,0.04095
16.48257,0.00778,0.03583
16.50257,-0.01095,0.02047
16.52257,-0.02893,-0.00512
16.54257,-0.04485,-0.02047
16.56257,-0.05755,-0.04095
16.58257,-0.06605,-0.04606
16.60256,-0.06970,-0.05630
16.62256,-0.06819,-0.06142
16.64256,-0.06160,-0.06142
16.66256,-0.05037,-0.06142
16.68256,-0.03533,-0.05630
16.70256,-0.01757,-0.05118
16.72256,0.00158,-0.03071
16.74256,0.02064,-0.00512
16.76256,0.03818,0.00512
16.78256,0.05280,0.02559
16.80256,0.06336,0.03071
16.82257,0.06900,0.04095
16.84257,0.06924,0.05118
16.86255,0.06401,0.05118
16.88255,0.05370,0.05118
16.90255,0.03908,0.05630
16.92255,0.02128,0.04095
16.94254,0.00173,0.03071
16.96254,-0.01801,0.00512
16.98254,-0.03633,-0.01024
17.00254,-0.05173,-0.03071
17.02254,-0.06292,-0.04095
17.04254,-0.06893,-0.05118
17.06254,-0.06922,-0.05630
17.08254,-0.06374,-0.06142
17.10254,-0.05289,-0.06654
17.12254,-0.03755,-0.05630
17.14253,-0.01899,-0.05118
17.16253,0.00124,-0.04095
17.18253,0.02142,-0.01024
17.20253,0.03980,0.00512
17.22253,0.05478,0.02559
17.24253,0.06503,0.04095
17.26253,0.06962,0.05118
17.28253,0.06809,0.05118
17.30253,0.06054,0.05118
17.32253,0.04758,0.05118
17.34255,0.03035,0.05118
17.36253,0.01034,0.03583
17.38252,-0.01065,0.02047
17.40252,-0.03073,-0.00512
17.42252,-0.04805,-0.02047
17.44252,-0.06101,-0.04095
17.46252,-0.06839,-0.05118
17.48252,-0.06944,-0.05630
17.50252,-0.06403,-0.06142
17.52251,-0.05262,-0.06142
17.54251,-0.03622,-0.05630
17.56251,-0.01636,-0.05118
17.58251,0.00511,-0.03071
17.60251,0.02614,-0.00512
17.62251,0.04472,0.01535
17.64251,0.05902,0.03071
17.66251,0.06764,0.04095
17.68251,0.06967,0.05118
17.70251,0.06488,0.05118
17.72250,0.05368,0.05118
17.74250,0.03713,0.05118
17.76250,0.01685,0.03583
17.78250,-0.00518,0.03071
17.80250,-0.02674,0.00000
17.82250,-0.04565,-0.02047
17.84250,-0.05996,-0.04095
17.86250,-0.06819,-0.04095
17.88249,-0.06942,-0.05630
17.90249,-0.06349,-0.06142
17.92249,-0.05096,-0.05630
17.94250,-0.03308,-0.05630
17.96250,-0.01168,-0.05118
17.98250,0.01101,-0.03071
18.00250,0.03258,0.00000
18.02250,0.05074,0.01535
18.04250,0.06351,0.03071
18.06250,0.06947,0.04095
18.08250,0.06794,0.05118
18.10248,0.05901,0.05118
18.12248,0.04361,0.05118
18.14248,0.02338,0.04095
18.16248,0.00052,0.03583
18.18248,-0.02246,0.00000
18.20248,-0.04299,-0.01024
18.22248,-0.05875,-0.04095
18.24248,-0.06793,-0.04606
18.26248,-0.06943,-0.05630
18.28247,-0.06302,-0.06142
18.30247,-0.04938,-0.06142
18.32247,-0.03002,-0.05630
18.34247,-0.00714,-0.05118
18.36247,0.01663,-0.02559
18.38247,0.03851,0.00000
18.40247,0.05592,0.02559
18.42246,0.06678,0.04095
18.44246,0.06972,0.04095
18.46247,0.06436,0.05118
18.48246,0.05126,0.05118
18.50246,0.03195,0.05118
18.52246,0.00871,0.03583
18.54246,-0.01564,0.01535
18.56246,-0.03814,-0.01024
18.58246,-0.05600,-0.03071
18.60246,-0.06698,-0.04606
18.62246,-0.06965,-0.05630
18.64245,-0.06362,-0.06142
18.66245,-0.04958,-0.05630
18.68245,-0.02924,-0.05630
18.70245,-0.00514,-0.05118
18.72245,0.01968,-0.02047
18.74245,0.04203,0.00512
18.76245,0.05902,0.02559
18.78245,0.06841,0.04095
18.80244,0.06890,0.05630
18.82245,0.06037,0.04095
18.84244,0.04387,0.04095
18.86244,0.02153,0.04095
18.88244,-0.00373,0.03071
18.90244,-0.02856,0.00512
18.92244,-0.04961,-0.02047
18.94244,-0.06401,-0.04606
18.96244,-0.06976,-0.05630
18.98244,-0.06600,-0.06142
19.00244,-0.05317,-0.06142
19.02243,-0.03298,-0.05630
19.04243,-0.00817,-0.05118
19.06243,0.01784,-0.03071
19.08243,0.04142,0.00000
19.10243,0.05922,0.02559
19.12243,0.06869,0.04095
19.14243,0.06842,0.04095
19.16243,0.05836,0.04095
19.18243,0.03989,0.04095
19.20243,0.01561,0.04095
19.22243,-0.01099,0.02559
19.24243,-0.03606,-0.00512
19.26243,-0.05590,-0.03071
19.28244,-0.06754,-0.05118
19.30244,-0.06921,-0.05630
19.32242,-0.06057,-0.06142
19.34242,-0.04283,-0.05630
19.36242,-0.01861,-0.05118
19.38242,0.00849,-0.04095
19.40241,0.03436,0.00000
19.42241,0.05505,0.02559
19.44241,0.06733,0.04095
19.46241,0.06924,0.04095
19.48241,0.06041,0.05118
19.50241,0.04213,0.05118
19.52241,0.01719,0.04095
19.54241,-0.01051,0.02559
19.56241,-0.03662,-0.00512
19.58241,-0.05696,-0.03071
19.60240,-0.06823,-0.05118
19.62240,-0.06855,-0.05630
19.64240,-0.05777,-0.05630
19.66240,-0.03758,-0.05630
19.68240,-0.01120,-0.05118
19.70240,0.01709,-0.03071
19.72240,0.04263,0.00000
19.74240,0.06115,0.03071
19.76239,0.06952,0.04095
19.78239,0.06625,0.05118
19.80239,0.05180,0.05118
19.82239,0.02855,0.04095
19.84239,0.00037,0.03583
19.86239,-0.02794,0.00512
19.88239,-0.05151,-0.02047
19.90239,-0.06623,-0.05118
19.92238,-0.06947,-0.05630
19.94239,-0.06059,-0.06142
19.96238,-0.04103,-0.05630
19.98238,-0.01419,-0.05630
20.00239,0.01524,-0.03071
20.02238,0.04202,0.00512
20.04238,0.06133,0.02559
20.06238,0.06964,0.04095
20.08238,0.06536,0.05118
20.10238,0.04916,0.05118
20.12238,0.02393,0.04095
20.14238,-0.00576,0.03071
20.16238,-0.03447,0.00512
20.18238,-0.05683,-0.02559
20.20238,-0.06864,-0.05118
20.22237,-0.06758,-0.05630
20.24237,-0.05377,-0.05630
20.26237,-0.02973,-0.05630
20.28237,0.00004,-0.04606
20.30237,0.02988,-0.01535
20.32237,0.05403,0.02559
20.34237,0.06778,0.04095
20.36237,0.06837,0.05118
20.38237,0.05559,0.05118
20.40237,0.03184,0.04095
20.42237,0.00175,0.03583
20.44237,-0.02877,0.00512
20.46237,-0.05362,-0.02047
20.48237,-0.06776,-0.04606
20.50238,-0.06827,-0.05630
20.52237,-0.05494,-0.05630
20.54236,-0.03038,-0.05630
20.56236,0.00047,-0.04606
20.58236,0.03129,-0.02047
20.60236,0.05572,0.02047
20.62235,0.06861,0.04095
20.64235,0.06718,0.05118
20.66235,0.05163,0.05118
20.68235,0.02514,0.04095
20.70235,-0.00676,0.03071
20.72235,-0.03729,0.00512
20.74235,-0.05989,-0.02559
20.76235,-0.06964,-0.05630
20.78234,-0.06431,-0.06142
20.80235,-0.04497,-0.06142
20.82234,-0.01572,-0.05630
20.84234,0.01705,-0.04095
20.86234,0.04613,0.00000
20.88234,0.06502,0.03583
20.90234,0.06943,0.05118
20.92234,0.05825,0.05630
20.94234,0.03389,0.05118
20.96234,0.00178,0.03583
20.98233,-0.03081,0.00512
21.00233,-0.05642,-0.02047
21.02233,-0.06908,-0.05118
21.04233,-0.06578,-0.06142
21.06233,-0.04715,-0.05630
21.08233,-0.01744,-0.05630
21.10233,0.01644,-0.03071
21.12233,0.04652,0.00512
21.14233,0.06561,0.03583
21.16232,0.06908,0.05118
21.18232,0.05597,0.05118
21.20232,0.02932,0.05118
21.22232,-0.00450,0.03583
21.24232,-0.03731,0.00512
21.26232,-0.06105,-0.03071
21.28232,-0.06981,-0.05630
21.30232,-0.06131,-0.06142
21.32232,-0.03754,-0.06142
21.34232,-0.00432,-0.05118
21.36231,0.03006,-0.02559
21.38231,0.05694,0.02047
21.40231,0.06941,0.04095
21.42231,0.06420,0.05630
21.44231,0.04251,0.05118
21.46231,0.00980,0.03583
21.48231,-0.02553,0.02047
21.50231,-0.05428,-0.01535
21.52230,-0.06890,-0.05118
21.54230,-0.06541,-0.06142
21.56230,-0.04462,-0.06142
21.58230,-0.01191,-0.05630
21.60230,0.02406,-0.03071
21.62230,0.05365,0.01024
21.64231,0.06883,0.04095
21.66231,0.06536,0.05118
21.68231,0.04406,0.05118
21.70231,0.01063,0.04095
21.72233,-0.02580,0.02559
21.74231,-0.05518,-0.01535
21.76229,-0.06927,-0.05630
21.78229,-0.06401,-0.06142
21.80229,-0.04074,-0.06142
21.82229,-0.00590,-0.05630
21.84229,0.03070,-0.02559
21.86229,0.05862,0.02047
21.88229,0.06978,0.04095
21.90228,0.06084,0.05630
21.92228,0.03424,0.05118
21.94228,-0.00240,0.03583
21.96228,-0.03842,0.00512
21.98228,-0.06322,-0.03071
22.00228,-0.06937,-0.05630
22.02228,-0.05491,-0.06142
22.04227,-0.02400,-0.06142
22.06227,0.01419,-0.04606
22.08228,0.04818,0.00000
22.10227,0.06763,0.03583
22.12227,0.06650,0.05118
22.14227,0.04497,0.05630
22.16227,0.00954,0.04095
22.18227,-0.02893,0.02559
22.20227,-0.05848,-0.01535
22.22227,-0.06981,-0.05118
22.24226,-0.05921,-0.06142
22.26226,-0.02987,-0.06142
22.28226,0.00903,-0.05118
22.30226,0.04513,0.00000
22.32226,0.06684,0.03071
22.34226,0.06703,0.05118
22.36226,0.04550,0.05118
22.38227,0.00909,0.04095
22.40226,-0.03038,0.02559
22.42225,-0.05994,-0.01535
22.44226,-0.06974,-0.05630
22.46226,-0.05638,-0.06142
22.48225,-0.02414,-0.06142
22.50225,0.01628,-0.05118
22.52325,0.05129,0.00000
22.54225,0.06899,0.03583
22.56325,0.06319,0.05118
22.58225,0.03573,0.05118
22.60225,-0.00411,0.03583
22.62224,-0.04262,0.00512
22.64324,-0.06638,-0.04095
22.66224,-0.06698,-0.06142
22.68224,-0.04404,-0.06142
22.70224,-0.00548,-0.05630
22.72324,0.03511,-0.02559
22.74223,0.06326,0.02559
22.76323,0.06878,0.05118
22.78223,0.04952,0.05118
22.80323,0.01227,0.04095
22.82223,-0.02953,0.02559
22.84324,-0.06062,-0.02047
22.86223,-0.06948,-0.05630
22.88324,-0.05267,-0.06142
22.90224,-0.01624,-0.06142
22.92324,0.02633,-0.03071
22.94224,0.05912,0.00512
22.96324,0.06967,0.04095
22.98222,0.05383,0.05630
23.00322,0.01744,0.05118
23.02222,-0.02572,0.03071
23.04322,-0.05907,-0.01024
23.06222,-0.06964,-0.05630
23.08321,-0.05315,-0.06142
23.10222,-0.01585,-0.06142
23.12321,0.02775,-0.04095
23.14221,0.06050,0.01024
23.16321,0.06932,0.04095
23.18221,0.05051,0.05630
23.20222,0.01141,0.04095
23.22221,-0.03237,0.02559
23.24321,-0.06314,-0.02047
23.26220,-0.06829,-0.05630
23.28320,-0.04552,-0.06142
23.30220,-0.00399,-0.05630
23.32220,0.03928,-0.03071
23.34220,0.06634,0.02559
23.36320,0.06578,0.05118
23.38220,0.03763,0.05118
23.40320,-0.00644,0.03583
23.42220,-0.04788,0.00512
23.44220,-0.06903,-0.04095
23.46220,-0.06069,-0.06142
23.48219,-0.02623,-0.05630
23.50219,0.01964,-0.04606
23.52319,0.05708,0.00000
23.54219,0.06969,0.04095
23.56319,0.05174,0.05630
23.58219,0.01094,0.04095
23.60219,-0.03480,0.02559
23.62219,-0.06514,-0.02047
23.64218,-0.06639,-0.05630
23.66219,-0.03777,-0.06142
23.68218,0.00798,-0.05630
23.70218,0.05021,0.00000
23.72218,0.06960,0.03583
23.74218,0.05708,0.05630
23.76218,0.01821,0.05118
23.78218,-0.02919,0.03071
23.80217,-0.06310,-0.01024
23.82218,-0.06753,-0.05118
23.84217,-0.04019,-0.06142
23.86217,0.00622,-0.05630
23.88217,0.04977,-0.01024
23.90217,0.06964,0.03071
23.92217,0.05611,0.05630
23.94217,0.01548,0.05118
23.96317,-0.03274,0.02559
23.98217,-0.06511,-0.01024
24.00217,-0.06566,-0.05630
24.02217,-0.03389,-0.06142
24.04217,0.01472,-0.05118
24.06217,0.05611,0.00000
24.08217,0.06956,0.04095
24.10217,0.04810,0.05630
24.12217,0.00232,0.04095
24.14318,-0.04473,0.00512
24.16217,-0.06908,-0.04095
24.18217,-0.05810,-0.05630
24.20216,-0.01717,-0.05630
24.22215,0.03272,-0.03071
24.24315,0.06571,0.02047
24.26315,0.06442,0.05118
24.28215,0.02931,0.05118
24.30215,-0.02136,0.03583
24.32215,-0.06080,-0.01024
24.34315,-0.06791,-0.05118
24.36214,-0.03866,-0.06142
24.38214,0.01147,-0.05630
24.40214,0.05550,-0.00512
24.42214,0.06944,0.04095
24.44314,0.04546,0.05630
24.46214,-0.00354,0.05118
24.48314,-0.05068,0.00512
24.50314,-0.06981,-0.04606
24.52214,-0.05007,-0.06142
24.54214,-0.00223,-0.05630
24.56214,0.04696,-0.02559
24.58214,0.06968,0.03583
24.60213,0.05283,0.05630
24.62213,0.00576,0.04095
24.64313,-0.04472,0.01535
24.66213,-0.06949,-0.04095
24.68213,-0.05401,-0.05630
24.70313,-0.00702,-0.05630
24.72213,0.04418,-0.03071
24.74313,0.06948,0.03071
24.76313,0.05373,0.05630
24.78313,0.00600,0.05118
24.80212,-0.04541,0.02047
24.82312,-0.06966,-0.04095
24.84212,-0.05193,-0.06142
24.86312,-0.00268,-0.05630
24.88312,0.04830,-0.02559
24.90312,0.06981,0.03071
24.92312,0.04840,0.05630
24.94312,-0.00298,0.05118
24.96211,-0.05262,0.00512
24.98312,-0.06949,-0.04606
25.00211,-0.04278,-0.06142
25.01911,0.01096,-0.05630
25.03811,0.05787,-0.02047
25.05911,0.06801,0.03583
25.07911,0.03464,0.05118
25.09911,-0.02108,0.03583
25.11911,-0.06328,-0.00512
25.13911,-0.06446,-0.05118
25.15910,-0.02356,-0.06142
25.17910,0.03288,-0.04606
25.19810,0.06775,0.00512
25.21910,0.05781,0.05118
25.23910,0.00936,0.04095
25.25910,-0.04544,0.02047
25.27910,-0.06980,-0.04095
25.29910,-0.04705,-0.06142
25.31811,0.00769,-0.05630
25.33911,0.05729,-0.00512
25.35811,0.06771,0.04095
25.37911,0.03150,0.05118
25.39909,-0.02659,0.03583
25.41909,-0.06629,-0.01024
25.43809,-0.05972,-0.05630
25.45909,-0.01118,-0.05630
25.47909,0.04535,-0.03071
25.49909,0.06981,0.02559
25.51909,0.04455,0.05630
25.53908,-0.01267,0.04095
25.55908,-0.06089,0.00512
25.57908,-0.06514,-0.05118
25.59908,-0.02205,-0.06142
25.61908,0.03723,-0.04095
25.63908,0.06929,0.02047
25.65908,0.05030,0.05630
25.67908,-0.00602,0.05118
25.69907,-0.05796,0.00512
25.71907,-0.06661,-0.04606
25.73907,-0.02518,-0.06142
25.75907,0.03536,-0.04606
25.77907,0.06916,0.02047
25.79907,0.05023,0.05630
25.81907,-0.00725,0.05118
25.83907,-0.05925,0.00512
25.85907,-0.06547,-0.05118
25.87907,-0.02075,-0.06142
25.89906,0.04028,-0.04095
25.91906,0.06977,0.02559
25.93906,0.04423,0.05630
25.95906,-0.01645,0.04095
25.97906,-0.06412,-0.00512
25.99906,-0.06051,-0.05118
26.01906,-0.00819,-0.05630
26.03906,0.05086,-0.03071
26.05905,0.06867,0.02559
26.07905,0.03043,0.05118
26.09906,-0.03285,0.03583
26.11905,-0.06915,-0.01024
26.13905,-0.04822,-0.05630
26.15905,0.01290,-0.05630
26.17905,0.06334,-0.00512
26.19905,0.06062,0.04095
26.21905,0.00669,0.04095
26.23904,-0.05301,0.01535
26.25905,-0.06760,-0.04095
26.27905,-0.02428,-0.05630
26.29905,0.04003,-0.04606
26.31904,0.06981,0.02047
26.33904,0.03895,0.05630
26.35904,-0.02599,0.04095
26.37904,-0.06823,-0.01024
26.39904,-0.05036,-0.05630
26.41904,0.01218,-0.05630
26.43903,0.06397,-0.00512
26.45904,0.05862,0.04095
26.47904,0.00055,0.04095
26.49904,-0.05811,0.00512
26.51904,-0.06412,-0.04606
26.53904,-0.01165,-0.05630
26.55904,0.05158,-0.03071
26.57904,0.06743,0.02559
26.59904,0.02091,0.05118
26.61904,-0.04512,0.03071
26.63902,-0.06912,-0.03071
26.65902,-0.02828,-0.05630
26.67902,0.03929,-0.05118
26.69902,0.06974,0.02047
26.71902,0.03385,0.05630
26.73902,-0.03449,0.03583
26.75902,-0.06978,-0.01024
26.77902,-0.03775,-0.05630
26.79902,0.03097,-0.05118
26.81901,0.06960,0.00512
26.83901,0.04012,0.04095
26.85903,-0.02890,0.03583
26.87901,-0.06945,-0.01024
26.89901,-0.04106,-0.05630
26.91901,0.02836,-0.06142
26.93901,0.06945,0.00000
26.95901,0.04061,0.05118
26.97901,-0.02939,0.03583
26.99901,-0.06960,-0.01024
27.01900,-0.03873,-0.06142
27.03900,0.03196,-0.05118
27.05900,0.06978,0.00512
27.07900,0.03532,0.05118
27.09900,-0.03598,0.03583
27.11900,-0.06974,-0.01024
27.13900,-0.03023,-0.05630
27.15900,0.04128,-0.05118
27.17899,0.06908,0.02047
27.19899,0.02326,0.05118
27.21899,-0.04755,0.03583
27.23899,-0.06728,-0.02047
27.25899,-0.01429,-0.05630
27.27899,0.05431,-0.04095
27.29899,0.06372,0.02559
27.31899,0.00326,0.04095
27.33899,-0.06088,0.01535
27.35899,-0.05772,-0.04606
27.37899,0.00964,-0.05630
27.39898,0.06632,-0.01024
27.41898,0.04863,0.04095
27.43898,-0.02393,0.03583
27.45898,-0.06948,-0.00512
27.47898,-0.03600,-0.05630
27.49898,0.03870,-0.05118
27.51898,0.06904,0.01535
27.53898,0.01972,0.05118
27.55897,-0.05254,0.03071
27.57898,-0.06368,-0.02559
27.59897,-0.00030,-0.05118
27.61897,0.06352,-0.02559
27.63897,0.05238,0.03583
27.65897,-0.02095,0.03583
27.67897,-0.06939,-0.00512
27.69897,-0.03478,-0.05630
27.71897,0.04174,-0.05118
27.73897,0.06789,0.01535
27.75897,0.01162,0.05118
27.77898,-0.05890,0.02559
27.79898,-0.05731,-0.04095
27.81898,0.01486,-0.05118
27.83898,0.06874,-0.01024
27.85896,0.03725,0.04095
27.87896,-0.04079,0.03583
27.89896,-0.06776,-0.01024
27.91896,-0.00938,-0.05118
27.93896,0.06094,-0.03071
27.95895,0.05386,0.02559
27.97895,-0.02204,0.03583
27.99895,-0.06975,0.00000
28.01895,-0.02759,-0.05630
28.03895,0.05035,-0.05118
28.05895,0.06288,0.02047
28.07895,-0.00676,0.04095
28.09895,-0.06760,0.01024
28.11894,-0.03936,-0.04606
28.13894,0.04106,-0.04606
28.15894,0.06692,0.00512
28.17894,0.00334,0.04095
28.19894,-0.06480,0.02047
28.21894,-0.04559,-0.04606
28.23894,0.03543,-0.05118
28.25894,0.06830,0.00512
28.27894,0.00780,0.04095
28.29894,-0.06348,0.02559
28.31893,-0.04724,-0.04095
28.33894,0.03450,-0.04606
28.35893,0.06829,0.00000
28.37893,0.00659,0.04095
28.39893,-0.06443,0.02047
28.41893,-0.04459,-0.04095
28.43893,0.03848,-0.04606
28.45893,0.06684,0.01024
28.47892,-0.00039,0.04095
28.49892,-0.06712,0.01535
28.51892,-0.03704,-0.04606
28.53892,0.04677,-0.04606
28.55892,0.06255,0.01535
28.57892,-0.01315,0.04095
28.59892,-0.06960,0.00512
28.61892,-0.02338,-0.05118
28.63892,0.05754,-0.04606
28.65892,0.05286,0.01535
28.67891,-0.03089,0.03071
28.69891,-0.06831,-0.00512
28.71891,-0.00268,-0.04606
28.73891,0.06706,-0.03071
28.75891,0.03477,0.03071
28.77891,-0.05072,0.03583
28.79891,-0.05838,-0.01535
28.81891,0.02401,-0.04606
28.83890,0.06927,0.00000
28.85891,0.00676,0.04095
28.87890,-0.06636,0.02047
28.89890,-0.03535,-0.04095
28.91891,0.05143,-0.04606
28.93891,0.05682,0.01535
28.95891,-0.02818,0.03071
28.97891,-0.06821,0.00000
28.99891,0.00119,-0.04606
29.01891,0.06873,-0.02559
29.03891,0.02505,0.02559
29.05889,-0.05938,0.02559
29.07889,-0.04690,-0.02047
29.09889,0.04251,-0.04095
29.11889,0.06196,0.00512
29.13889,-0.02109,0.03583
29.15889,-0.06915,0.00512
29.17889,-0.00184,-0.04606
29.19889,0.06859,-0.03071
29.21889,0.02361,0.02559
29.23888,-0.06131,0.02559
29.25888,-0.04218,-0.02047
29.27888,0.04888,-0.04095
29.29888,0.05629,0.01535
29.31888,-0.03311,0.03071
29.33888,-0.06536,-0.00512
29.35888,0.01575,-0.04095
29.37888,0.06947,-0.01024
29.39888,0.00168,0.03583
29.41887,-0.06909,0.01535
29.43887,-0.01798,-0.04095
29.45887,0.06501,-0.03071
29.47887,0.03234,0.02047
29.49887,-0.05814,0.02047
29.51887,-0.04431,-0.01535
29.53887,0.04939,-0.04095
29.55887,0.05373,0.00512
29.57887,-0.03959,0.02559
29.59886,-0.06068,-0.00512
29.61886,0.02946,-0.04095
29.63886,0.06539,0.00000
29.65886,-0.01954,0.03071
29.67886,-0.06823,0.00512
29.69886,0.01026,-0.04095
29.71886,0.06956,-0.01535
29.73886,-0.00188,0.03071
29.75886,-0.06979,0.01535
29.77886,-0.00542,-0.03071
29.79885,0.06928,-0.02559
29.81885,0.01158,0.02559
29.83885,-0.06835,0.02047
29.85885,-0.01656,-0.02047
29.87885,0.06729,-0.02559
29.89885,0.02039,0.02047
29.91885,-0.06630,0.02047
29.93885,-0.02308,-0.02047
29.95885,0.06555,-0.03071
29.97884,0.02469,0.02047
29.99884,-0.06515,0.01535
